filename, deforestation, forest
20240224_152114_87_24fc_3B_AnalyticMS_SR_PlanetScope_Calamar_Guaviare_1_0_13_png.rf.00eeb5b8f7d698116f6730a9bedb97f3.jpg, 1, 1
20240224_152114_87_24fc_3B_AnalyticMS_SR_PlanetScope_Calamar_Guaviare_1_11_15_png.rf.01123a6c2a877fd92752264c143a4a41.jpg, 1, 1
20240224_152114_87_24fc_3B_AnalyticMS_SR_PlanetScope_Calamar_Guaviare_1_12_4_png.rf.00b73613914269447efe556c3bb23e70.jpg, 0, 1
20240224_152114_87_24fc_3B_AnalyticMS_SR_PlanetScope_Calamar_Guaviare_1_16_9_png.rf.020f4d49596e10ed5b676c02cae4cf39.jpg, 1, 1
20240224_152114_87_24fc_3B_AnalyticMS_SR_PlanetScope_Calamar_Guaviare_1_15_5_png.rf.0b2a6ae0fbef5d0b18798b4157e1bc8f.jpg, 1, 1
20240224_152114_87_24fc_3B_AnalyticMS_SR_PlanetScope_Calamar_Guaviare_1_11_12_png.rf.031b40684ec1497befa62a171ebf587a.jpg, 0, 1
20240224_152114_87_24fc_3B_AnalyticMS_SR_PlanetScope_Calamar_Guaviare_1_12_9_png.rf.04b4eeb8cd63c26681169d53145e8f45.jpg, 1, 1
20240224_152114_87_24fc_3B_AnalyticMS_SR_PlanetScope_Calamar_Guaviare_1_18_8_png.rf.0b1c3ad7e68fb5a6f934eece607f554b.jpg, 1, 1
20240224_152114_87_24fc_3B_AnalyticMS_SR_PlanetScope_Calamar_Guaviare_1_12_2_png.rf.089561d1a676dab043c8b2194d28c4e0.jpg, 0, 1
20240224_152114_87_24fc_3B_AnalyticMS_SR_PlanetScope_Calamar_Guaviare_1_11_7_png.rf.0729243dc50598177009b7085e78128f.jpg, 0, 1
20240224_152114_87_24fc_3B_AnalyticMS_SR_PlanetScope_Calamar_Guaviare_1_13_7_png.rf.021b491606e16df7724194e5e5297ca3.jpg, 0, 1
20240224_152114_87_24fc_3B_AnalyticMS_SR_PlanetScope_Calamar_Guaviare_1_14_16_png.rf.0b4b8b926593f7502aa2d7d0bee01117.jpg, 0, 1
20240224_152114_87_24fc_3B_AnalyticMS_SR_PlanetScope_Calamar_Guaviare_1_14_14_png.rf.0a6e13ffdc1b32504fe000ac12bcedb2.jpg, 1, 1
20240224_152114_87_24fc_3B_AnalyticMS_SR_PlanetScope_Calamar_Guaviare_1_16_9_png.rf.0e7f03e90dcc8281c0e74981f5cfbaca.jpg, 1, 1
20240224_152114_87_24fc_3B_AnalyticMS_SR_PlanetScope_Calamar_Guaviare_1_17_12_png.rf.1044566ce719dc272b8084e8917706af.jpg, 1, 1
20240224_152114_87_24fc_3B_AnalyticMS_SR_PlanetScope_Calamar_Guaviare_1_11_12_png.rf.0f8a548227f03239b0a5722e33c94e4a.jpg, 0, 1
20240224_152114_87_24fc_3B_AnalyticMS_SR_PlanetScope_Calamar_Guaviare_1_12_11_png.rf.081d5e7ea422304dd5c3ff78b82edca7.jpg, 1, 1
20240224_152114_87_24fc_3B_AnalyticMS_SR_PlanetScope_Calamar_Guaviare_1_8_9_png.rf.0cfb5a674ab9f7b9c98147d20d0c94ef.jpg, 0, 1
20240224_152114_87_24fc_3B_AnalyticMS_SR_PlanetScope_Calamar_Guaviare_1_12_3_png.rf.067aadc45b5d8b473354f074befd36cf.jpg, 0, 1
20240224_152114_87_24fc_3B_AnalyticMS_SR_PlanetScope_Calamar_Guaviare_1_6_12_png.rf.0c12e8da5c2767122b7cf35b589d44a0.jpg, 0, 1
20240224_152114_87_24fc_3B_AnalyticMS_SR_PlanetScope_Calamar_Guaviare_1_16_12_png.rf.0ee8357c4b43dbc00f00118b92401082.jpg, 0, 1
20240224_152114_87_24fc_3B_AnalyticMS_SR_PlanetScope_Calamar_Guaviare_1_11_2_png.rf.0f1ff293312de2c4493307138acc1081.jpg, 1, 1
20240224_152114_87_24fc_3B_AnalyticMS_SR_PlanetScope_Calamar_Guaviare_1_16_14_png.rf.0fa9b1b245d1ab6afc7a4bbab8ea6939.jpg, 1, 1
20240224_152114_87_24fc_3B_AnalyticMS_SR_PlanetScope_Calamar_Guaviare_1_8_10_png.rf.11855f6a1e56f31314d67ff95601b2c2.jpg, 0, 1
20240224_152114_87_24fc_3B_AnalyticMS_SR_PlanetScope_Calamar_Guaviare_1_18_7_png.rf.0e3c1cdb159d451ec97c05265ac85a0a.jpg, 0, 1
20240224_152114_87_24fc_3B_AnalyticMS_SR_PlanetScope_Calamar_Guaviare_1_10_10_png.rf.04a2a2dbcbaea51c88c2abb7ff5d4694.jpg, 0, 1
20240224_152114_87_24fc_3B_AnalyticMS_SR_PlanetScope_Calamar_Guaviare_1_19_10_png.rf.105e8364e8cc892fe09eba14d7bb31a8.jpg, 0, 1
20240224_152114_87_24fc_3B_AnalyticMS_SR_PlanetScope_Calamar_Guaviare_1_22_17_png.rf.11b1c3f3a9b5956b6b8d4cb0fb38426f.jpg, 1, 1
20240224_152114_87_24fc_3B_AnalyticMS_SR_PlanetScope_Calamar_Guaviare_1_9_11_png.rf.0e5a886b6dc67f7e2863343e651657a8.jpg, 0, 1
20240224_152114_87_24fc_3B_AnalyticMS_SR_PlanetScope_Calamar_Guaviare_1_15_12_png.rf.0f5194cba86c8e272d1510d29403f85a.jpg, 0, 1
20240224_152114_87_24fc_3B_AnalyticMS_SR_PlanetScope_Calamar_Guaviare_1_14_3_png.rf.0eafd4e50853534630f82d36f6c85082.jpg, 0, 1
20240224_152114_87_24fc_3B_AnalyticMS_SR_PlanetScope_Calamar_Guaviare_1_7_12_png.rf.12dc60fa7dc8f36e1a174e28cb5f8164.jpg, 0, 1
20240224_152114_87_24fc_3B_AnalyticMS_SR_PlanetScope_Calamar_Guaviare_1_21_17_png.rf.141c9da6a3bb5618803d9f01f4f323a3.jpg, 0, 1
20240224_152114_87_24fc_3B_AnalyticMS_SR_PlanetScope_Calamar_Guaviare_1_18_15_png.rf.145772ed2a232ce2eadc710460a476b0.jpg, 1, 1
20240224_152114_87_24fc_3B_AnalyticMS_SR_PlanetScope_Calamar_Guaviare_1_15_15_png.rf.117d1cc56923c504c3b49b8d71320bad.jpg, 1, 1
20240224_152114_87_24fc_3B_AnalyticMS_SR_PlanetScope_Calamar_Guaviare_1_13_15_png.rf.12fbdbd4f36a8e4ee7220b0199fd9737.jpg, 1, 1
20240224_152114_87_24fc_3B_AnalyticMS_SR_PlanetScope_Calamar_Guaviare_1_15_5_png.rf.115d24db9a1878fa3d6ef025986c9911.jpg, 1, 1
20240224_152114_87_24fc_3B_AnalyticMS_SR_PlanetScope_Calamar_Guaviare_1_14_13_png.rf.13e69006f131e79b6d6ed57ca9d29f23.jpg, 0, 1
20240224_152114_87_24fc_3B_AnalyticMS_SR_PlanetScope_Calamar_Guaviare_1_15_13_png.rf.16b145e33cdd38129ddab128cd8ac88c.jpg, 0, 1
20240224_152114_87_24fc_3B_AnalyticMS_SR_PlanetScope_Calamar_Guaviare_1_9_8_png.rf.124f68c06141f119a63af94931d6598f.jpg, 1, 1
20240224_152114_87_24fc_3B_AnalyticMS_SR_PlanetScope_Calamar_Guaviare_1_20_13_png.rf.14397274170ac32f10411d9e53297a05.jpg, 1, 1
20240224_152114_87_24fc_3B_AnalyticMS_SR_PlanetScope_Calamar_Guaviare_1_10_1_png.rf.1a06045f318e0ce23acad3171e247639.jpg, 0, 1
20240224_152114_87_24fc_3B_AnalyticMS_SR_PlanetScope_Calamar_Guaviare_1_12_5_png.rf.194df9649c64e2c010c59f7122619080.jpg, 0, 1
20240224_152114_87_24fc_3B_AnalyticMS_SR_PlanetScope_Calamar_Guaviare_1_15_11_png.rf.18b8826752f212fe914dca1bf83dad7d.jpg, 1, 1
20240224_152114_87_24fc_3B_AnalyticMS_SR_PlanetScope_Calamar_Guaviare_1_8_6_png.rf.1a8503fff6dd3632723b876c98c2e7eb.jpg, 0, 1
20240224_152114_87_24fc_3B_AnalyticMS_SR_PlanetScope_Calamar_Guaviare_1_2_12_png.rf.15d263d6f9cc7242a4a3726264a327c7.jpg, 1, 1
20240224_152114_87_24fc_3B_AnalyticMS_SR_PlanetScope_Calamar_Guaviare_1_18_6_png.rf.19c33f3547a3becbfb2af550e3021d6c.jpg, 1, 1
20240224_152114_87_24fc_3B_AnalyticMS_SR_PlanetScope_Calamar_Guaviare_1_7_0_png.rf.1a0b5958c836574b19637433ba0efe6e.jpg, 1, 1
20240224_152114_87_24fc_3B_AnalyticMS_SR_PlanetScope_Calamar_Guaviare_1_10_14_png.rf.1a5b7b84962d2f0e4f73bfa3763b0c6f.jpg, 0, 1
20240224_152114_87_24fc_3B_AnalyticMS_SR_PlanetScope_Calamar_Guaviare_1_13_13_png.rf.1ce0ac5223bbad665a14f398805e946b.jpg, 1, 1
20240224_152114_87_24fc_3B_AnalyticMS_SR_PlanetScope_Calamar_Guaviare_1_22_15_png.rf.1658f230f6cc87788683b843570d2af4.jpg, 1, 1
20240224_152114_87_24fc_3B_AnalyticMS_SR_PlanetScope_Calamar_Guaviare_1_17_15_png.rf.14d595a4054590b1b9d54b391171daf7.jpg, 0, 1
20240224_152114_87_24fc_3B_AnalyticMS_SR_PlanetScope_Calamar_Guaviare_1_15_11_png.rf.1b6436f7e73e6116cd8f06f4b4c11c57.jpg, 1, 1
20240224_152114_87_24fc_3B_AnalyticMS_SR_PlanetScope_Calamar_Guaviare_1_14_9_png.rf.15dd1e26587d53a3cb42d01e79c4c7d2.jpg, 0, 1
20240224_152114_87_24fc_3B_AnalyticMS_SR_PlanetScope_Calamar_Guaviare_1_18_12_png.rf.1f387422c07b729a7fb7ca75e53abfc9.jpg, 1, 1
20240224_152114_87_24fc_3B_AnalyticMS_SR_PlanetScope_Calamar_Guaviare_1_15_11_png.rf.192f05c65d0a8f7074afcb4f1ef5d78d.jpg, 1, 1
20240224_152114_87_24fc_3B_AnalyticMS_SR_PlanetScope_Calamar_Guaviare_1_18_12_png.rf.1df65f81dd9df42785b7f1db596da069.jpg, 1, 1
20240224_152114_87_24fc_3B_AnalyticMS_SR_PlanetScope_Calamar_Guaviare_1_9_15_png.rf.223ef55d44d56f0bbae3a00a74150ce8.jpg, 1, 1
20240224_152114_87_24fc_3B_AnalyticMS_SR_PlanetScope_Calamar_Guaviare_1_6_4_png.rf.1f0528ea2539ea03087479435a4620f7.jpg, 1, 1
20240224_152114_87_24fc_3B_AnalyticMS_SR_PlanetScope_Calamar_Guaviare_1_19_10_png.rf.2155eeb36efd66332cbce6d8c5b55b1e.jpg, 0, 1
20240224_152114_87_24fc_3B_AnalyticMS_SR_PlanetScope_Calamar_Guaviare_1_14_11_png.rf.1daea75f0cb48f444ea442eb5b877b50.jpg, 1, 1
20240224_152114_87_24fc_3B_AnalyticMS_SR_PlanetScope_Calamar_Guaviare_1_12_14_png.rf.1f831567d703a7b6f5bfc4f7183535c3.jpg, 1, 1
20240224_152114_87_24fc_3B_AnalyticMS_SR_PlanetScope_Calamar_Guaviare_1_0_13_png.rf.1d59002d115d8b3d501f297c67ce3e35.jpg, 1, 1
20240224_152114_87_24fc_3B_AnalyticMS_SR_PlanetScope_Calamar_Guaviare_1_14_10_png.rf.233bd77869f2c067811bf120f560ca19.jpg, 1, 1
20240224_152114_87_24fc_3B_AnalyticMS_SR_PlanetScope_Calamar_Guaviare_1_11_11_png.rf.23d6ecb964960697b56ea79748dbad17.jpg, 1, 1
20240224_152114_87_24fc_3B_AnalyticMS_SR_PlanetScope_Calamar_Guaviare_1_1_4_png.rf.2010a0ca84a79451e5fd3bd421332aa8.jpg, 1, 1
20240224_152114_87_24fc_3B_AnalyticMS_SR_PlanetScope_Calamar_Guaviare_1_16_12_png.rf.1f92ce3fe5642bc17c848ed761d286f0.jpg, 0, 1
20240224_152114_87_24fc_3B_AnalyticMS_SR_PlanetScope_Calamar_Guaviare_1_17_3_png.rf.2401997152daa839c61591beb398f1db.jpg, 0, 1
20240224_152114_87_24fc_3B_AnalyticMS_SR_PlanetScope_Calamar_Guaviare_1_11_11_png.rf.1f90e9e714a3fe8c1c10dab471a45f0a.jpg, 1, 1
20240224_152114_87_24fc_3B_AnalyticMS_SR_PlanetScope_Calamar_Guaviare_1_16_14_png.rf.23afffe9f7a836836d5bf2b116689331.jpg, 1, 1
20240224_152114_87_24fc_3B_AnalyticMS_SR_PlanetScope_Calamar_Guaviare_1_23_11_png.rf.264dd0af00cd1edecba37e2f19b5d074.jpg, 1, 1
20240224_152114_87_24fc_3B_AnalyticMS_SR_PlanetScope_Calamar_Guaviare_1_10_4_png.rf.25195a093f4a2a49516a028727f36d4a.jpg, 1, 1
20240224_152114_87_24fc_3B_AnalyticMS_SR_PlanetScope_Calamar_Guaviare_1_9_1_png.rf.27116fb2673419b725b6f84d7021e1f9.jpg, 0, 1
20240224_152114_87_24fc_3B_AnalyticMS_SR_PlanetScope_Calamar_Guaviare_1_22_6_png.rf.28bffb915355148bf21e8f269ca256da.jpg, 1, 1
20240224_152114_87_24fc_3B_AnalyticMS_SR_PlanetScope_Calamar_Guaviare_1_6_2_png.rf.1c458cd05f3cce6d094a6a3c34a1f523.jpg, 0, 1
20240224_152114_87_24fc_3B_AnalyticMS_SR_PlanetScope_Calamar_Guaviare_1_7_10_png.rf.29430fa20c16366a216b225167a5ca30.jpg, 1, 1
20240224_152114_87_24fc_3B_AnalyticMS_SR_PlanetScope_Calamar_Guaviare_1_8_6_png.rf.2c413b029430fc98f36bfa6e784cc71a.jpg, 0, 1
20240224_152114_87_24fc_3B_AnalyticMS_SR_PlanetScope_Calamar_Guaviare_1_5_2_png.rf.2bdf4a55925f70d7519fbb539e8a9a56.jpg, 0, 1
20240224_152114_87_24fc_3B_AnalyticMS_SR_PlanetScope_Calamar_Guaviare_1_15_14_png.rf.2962fedcb406566e78c0996f7f80aae8.jpg, 1, 1
20240224_152114_87_24fc_3B_AnalyticMS_SR_PlanetScope_Calamar_Guaviare_1_2_0_png.rf.2cc259920726cda85b358fd72e4960fb.jpg, 1, 1
20240224_152114_87_24fc_3B_AnalyticMS_SR_PlanetScope_Calamar_Guaviare_1_19_16_png.rf.2460a02623a4b3508f1ffd6919bc5eca.jpg, 0, 1
20240224_152114_87_24fc_3B_AnalyticMS_SR_PlanetScope_Calamar_Guaviare_1_11_13_png.rf.2addc38f7d7a1c24357a64bf25a8349d.jpg, 1, 1
20240224_152114_87_24fc_3B_AnalyticMS_SR_PlanetScope_Calamar_Guaviare_1_15_4_png.rf.2c68438e2ba18606e16c2a005645428a.jpg, 0, 1
20240224_152114_87_24fc_3B_AnalyticMS_SR_PlanetScope_Calamar_Guaviare_1_12_7_png.rf.2d57adc9927ffce0e68a378e29e1d438.jpg, 0, 1
20240224_152114_87_24fc_3B_AnalyticMS_SR_PlanetScope_Calamar_Guaviare_1_15_16_png.rf.3027e591b82bb6e5436272ee40f69505.jpg, 0, 1
20240224_152114_87_24fc_3B_AnalyticMS_SR_PlanetScope_Calamar_Guaviare_1_16_2_png.rf.31abcf11e78a6dd44f2b2bad81bb9206.jpg, 0, 1
20240224_152114_87_24fc_3B_AnalyticMS_SR_PlanetScope_Calamar_Guaviare_1_13_11_png.rf.1e728333662d6ffeec7abefa55ac6fcd.jpg, 1, 1
20240224_152114_87_24fc_3B_AnalyticMS_SR_PlanetScope_Calamar_Guaviare_1_22_15_png.rf.312af4c40a06237ebafed651beac37d8.jpg, 1, 1
20240224_152114_87_24fc_3B_AnalyticMS_SR_PlanetScope_Calamar_Guaviare_1_14_11_png.rf.2e6ac5a3883c422c1001cf00ce1b28b0.jpg, 1, 1
20240224_152114_87_24fc_3B_AnalyticMS_SR_PlanetScope_Calamar_Guaviare_1_16_12_png.rf.2df370bc28a75994ea65c084cbf1418b.jpg, 0, 1
20240224_152114_87_24fc_3B_AnalyticMS_SR_PlanetScope_Calamar_Guaviare_1_18_7_png.rf.351535c51b74ae6ecfdc8146c73e437a.jpg, 0, 1
20240224_152114_87_24fc_3B_AnalyticMS_SR_PlanetScope_Calamar_Guaviare_1_7_9_png.rf.32d94b4d8b1c89d34864dd16f0af3c25.jpg, 1, 1
20240224_152114_87_24fc_3B_AnalyticMS_SR_PlanetScope_Calamar_Guaviare_1_6_3_png.rf.32b1765966dfc1e9c7f39c2f3d8cc804.jpg, 0, 1
20240224_152114_87_24fc_3B_AnalyticMS_SR_PlanetScope_Calamar_Guaviare_1_9_8_png.rf.32eeedc853c6822bdd0f2b3ac6b7c258.jpg, 1, 1
20240224_152114_87_24fc_3B_AnalyticMS_SR_PlanetScope_Calamar_Guaviare_1_10_5_png.rf.2d652dab5350501b2833e06f7ec2d6a7.jpg, 1, 1
20240224_152114_87_24fc_3B_AnalyticMS_SR_PlanetScope_Calamar_Guaviare_1_12_8_png.rf.347e6b8c27f3698952b1974a1121c199.jpg, 1, 1
20240224_152114_87_24fc_3B_AnalyticMS_SR_PlanetScope_Calamar_Guaviare_1_11_7_png.rf.30acb3781e2618aea618f9e433716b86.jpg, 0, 1
20240224_152114_87_24fc_3B_AnalyticMS_SR_PlanetScope_Calamar_Guaviare_1_0_9_png.rf.32fcd8392465ab97b5e5bccb616fc776.jpg, 0, 1
20240224_152114_87_24fc_3B_AnalyticMS_SR_PlanetScope_Calamar_Guaviare_1_10_3_png.rf.3089330b4c1e95c0fc3d4e437b770a58.jpg, 1, 1
20240224_152114_87_24fc_3B_AnalyticMS_SR_PlanetScope_Calamar_Guaviare_1_2_0_png.rf.2d888420f7d1044017057c98d687b6cb.jpg, 1, 1
20240224_152114_87_24fc_3B_AnalyticMS_SR_PlanetScope_Calamar_Guaviare_1_15_8_png.rf.3775acc3ed524fa414fb77860032c116.jpg, 0, 1
20240224_152114_87_24fc_3B_AnalyticMS_SR_PlanetScope_Calamar_Guaviare_1_17_15_png.rf.31f1ce0188ef203766112713e0f25083.jpg, 0, 1
20240224_152114_87_24fc_3B_AnalyticMS_SR_PlanetScope_Calamar_Guaviare_1_7_1_png.rf.38c1a5c2933fad752cbfe51f411fdc25.jpg, 1, 1
20240224_152114_87_24fc_3B_AnalyticMS_SR_PlanetScope_Calamar_Guaviare_1_16_6_png.rf.30a5b2a85b07ad13004a69e3cac90717.jpg, 0, 1
20240224_152114_87_24fc_3B_AnalyticMS_SR_PlanetScope_Calamar_Guaviare_1_21_17_png.rf.36bd5b4696498c1aebde08a5ed40a210.jpg, 0, 1
20240224_152114_87_24fc_3B_AnalyticMS_SR_PlanetScope_Calamar_Guaviare_1_0_13_png.rf.39767ce86bf53c053ecb113df503ecd4.jpg, 1, 1
20240224_152114_87_24fc_3B_AnalyticMS_SR_PlanetScope_Calamar_Guaviare_1_10_3_png.rf.35ad7ac24b5021dd909c29b5a4cd3092.jpg, 1, 1
20240224_152114_87_24fc_3B_AnalyticMS_SR_PlanetScope_Calamar_Guaviare_1_16_15_png.rf.3b8216835da3678a6064551706ac899e.jpg, 1, 1
20240224_152114_87_24fc_3B_AnalyticMS_SR_PlanetScope_Calamar_Guaviare_1_8_7_png.rf.39369c93aa64a8f80cd41904dada71e7.jpg, 1, 1
20240224_152114_87_24fc_3B_AnalyticMS_SR_PlanetScope_Calamar_Guaviare_1_13_5_png.rf.3a6fbe27db246b212f64c9774c51882e.jpg, 0, 1
20240224_152114_87_24fc_3B_AnalyticMS_SR_PlanetScope_Calamar_Guaviare_1_9_10_png.rf.372721c93a35ab35c717258f2e270925.jpg, 1, 1
20240224_152114_87_24fc_3B_AnalyticMS_SR_PlanetScope_Calamar_Guaviare_1_15_13_png.rf.3cf03010c0b540b81afe0b0b5707e688.jpg, 0, 1
20240224_152114_87_24fc_3B_AnalyticMS_SR_PlanetScope_Calamar_Guaviare_1_19_9_png.rf.3d090e39b5d7e188e2c03de7a30b3d70.jpg, 0, 1
20240224_152114_87_24fc_3B_AnalyticMS_SR_PlanetScope_Calamar_Guaviare_1_15_5_png.rf.3e5d80ff9bf8d7cb28796524304768b0.jpg, 1, 1
20240224_152114_87_24fc_3B_AnalyticMS_SR_PlanetScope_Calamar_Guaviare_1_17_11_png.rf.3e10c20a43f202bd53cb75b64723d7cd.jpg, 0, 1
20240224_152114_87_24fc_3B_AnalyticMS_SR_PlanetScope_Calamar_Guaviare_1_16_14_png.rf.405886db069b567355a561a3b2b94c06.jpg, 1, 1
20240224_152114_87_24fc_3B_AnalyticMS_SR_PlanetScope_Calamar_Guaviare_1_18_7_png.rf.3d6069788868b99d346f6e1f30d1c503.jpg, 0, 1
20240224_152114_87_24fc_3B_AnalyticMS_SR_PlanetScope_Calamar_Guaviare_1_10_4_png.rf.3dd62c50cd99b3ef1d22134c993266d4.jpg, 1, 1
20240224_152114_87_24fc_3B_AnalyticMS_SR_PlanetScope_Calamar_Guaviare_1_12_13_png.rf.405c36e2422d51efefe14879edcb79f8.jpg, 1, 1
20240224_152114_87_24fc_3B_AnalyticMS_SR_PlanetScope_Calamar_Guaviare_1_8_11_png.rf.43103f69cd8e3a804619d15036150f1b.jpg, 0, 1
20240224_152114_87_24fc_3B_AnalyticMS_SR_PlanetScope_Calamar_Guaviare_1_6_13_png.rf.427d1dce1c17b1c8fdd9eca3d8fc6f31.jpg, 0, 1
20240224_152114_87_24fc_3B_AnalyticMS_SR_PlanetScope_Calamar_Guaviare_1_12_4_png.rf.3c69d65eab4cfbbd5313843244614caa.jpg, 0, 1
20240224_152114_87_24fc_3B_AnalyticMS_SR_PlanetScope_Calamar_Guaviare_1_6_3_png.rf.3b6f129ae4d38490c1dc8fe1e4038d85.jpg, 0, 1
20240224_152114_87_24fc_3B_AnalyticMS_SR_PlanetScope_Calamar_Guaviare_1_0_12_png.rf.40801cd2084cbc9e274622ee33354f29.jpg, 0, 1
20240224_152114_87_24fc_3B_AnalyticMS_SR_PlanetScope_Calamar_Guaviare_1_21_13_png.rf.434ec1eb46e107739c5c6af9c9f0ea2a.jpg, 1, 1
20240224_152114_87_24fc_3B_AnalyticMS_SR_PlanetScope_Calamar_Guaviare_1_18_6_png.rf.3acd3f63305a8b164c3e86eb81982a68.jpg, 1, 1
20240224_152114_87_24fc_3B_AnalyticMS_SR_PlanetScope_Calamar_Guaviare_1_8_10_png.rf.3f9181e587fd249bce120d8e2def3dd5.jpg, 0, 1
20240224_152114_87_24fc_3B_AnalyticMS_SR_PlanetScope_Calamar_Guaviare_1_11_10_png.rf.4372d5d3fe0087cc1a61cdf57135dacd.jpg, 1, 1
20240224_152114_87_24fc_3B_AnalyticMS_SR_PlanetScope_Calamar_Guaviare_1_18_15_png.rf.44681a70f3552122b8941910f13fd1d5.jpg, 1, 1
20240224_152114_87_24fc_3B_AnalyticMS_SR_PlanetScope_Calamar_Guaviare_1_18_6_png.rf.39ceb06ac6a148cbad473f26f047fedc.jpg, 1, 1
20240224_152114_87_24fc_3B_AnalyticMS_SR_PlanetScope_Calamar_Guaviare_1_1_12_png.rf.4160b57d7beddbd2bdba08acf876ec8b.jpg, 1, 1
20240224_152114_87_24fc_3B_AnalyticMS_SR_PlanetScope_Calamar_Guaviare_1_1_12_png.rf.4077736a3692ef797b66b3d0ffe7db9e.jpg, 1, 1
20240224_152114_87_24fc_3B_AnalyticMS_SR_PlanetScope_Calamar_Guaviare_1_13_5_png.rf.4b9693ad754dd5877dfb2d5b8aaab9c6.jpg, 0, 1
20240224_152114_87_24fc_3B_AnalyticMS_SR_PlanetScope_Calamar_Guaviare_1_15_2_png.rf.43cc0646f53697958ebcec71823b9689.jpg, 1, 1
20240224_152114_87_24fc_3B_AnalyticMS_SR_PlanetScope_Calamar_Guaviare_1_12_5_png.rf.48384335ab322e5106b88ca91c122bae.jpg, 0, 1
20240224_152114_87_24fc_3B_AnalyticMS_SR_PlanetScope_Calamar_Guaviare_1_8_14_png.rf.45a5d624c57f6f6bf03e1e203751a225.jpg, 1, 1
20240224_152114_87_24fc_3B_AnalyticMS_SR_PlanetScope_Calamar_Guaviare_1_0_10_png.rf.49f9f3b17295af5690a576b3955ef86f.jpg, 1, 1
20240224_152114_87_24fc_3B_AnalyticMS_SR_PlanetScope_Calamar_Guaviare_1_15_14_png.rf.439ebcf1c037da47b6daf11afa888805.jpg, 1, 1
20240224_152114_87_24fc_3B_AnalyticMS_SR_PlanetScope_Calamar_Guaviare_1_6_12_png.rf.486c890c07265f67b24cc6d84bf720d9.jpg, 0, 1
20240224_152114_87_24fc_3B_AnalyticMS_SR_PlanetScope_Calamar_Guaviare_1_12_8_png.rf.4e15977f5914d4ed263c7cb17ad159ad.jpg, 1, 1
20240224_152114_87_24fc_3B_AnalyticMS_SR_PlanetScope_Calamar_Guaviare_1_13_7_png.rf.4b804366683adb43f7fb3be2d4c363ac.jpg, 0, 1
20240224_152114_87_24fc_3B_AnalyticMS_SR_PlanetScope_Calamar_Guaviare_1_16_2_png.rf.4d2586c2b97ffd84a59be9c727e5b405.jpg, 0, 1
20240224_152114_87_24fc_3B_AnalyticMS_SR_PlanetScope_Calamar_Guaviare_1_19_15_png.rf.4e1e67f86817f21ff02e975c7a8d7e66.jpg, 0, 1
20240224_152114_87_24fc_3B_AnalyticMS_SR_PlanetScope_Calamar_Guaviare_1_12_11_png.rf.5015e6e2b3ef90ae1d197b3adf80f7b4.jpg, 1, 1
20240224_152114_87_24fc_3B_AnalyticMS_SR_PlanetScope_Calamar_Guaviare_1_23_11_png.rf.533836bc6b08fbb5ae3b1a9dab5d871d.jpg, 1, 1
20240224_152114_87_24fc_3B_AnalyticMS_SR_PlanetScope_Calamar_Guaviare_1_16_13_png.rf.512b04a56b4fcc7e2641e6e085abc9fb.jpg, 0, 1
20240224_152114_87_24fc_3B_AnalyticMS_SR_PlanetScope_Calamar_Guaviare_1_17_13_png.rf.4bbc332bbee06c02be10f02742bbd193.jpg, 0, 1
20240224_152114_87_24fc_3B_AnalyticMS_SR_PlanetScope_Calamar_Guaviare_1_17_12_png.rf.50604307df48b33630180ba4d89fd72d.jpg, 1, 1
20240224_152114_87_24fc_3B_AnalyticMS_SR_PlanetScope_Calamar_Guaviare_1_15_16_png.rf.493a61920aaa97808e9d2e8a745e4757.jpg, 0, 1
20240224_152114_87_24fc_3B_AnalyticMS_SR_PlanetScope_Calamar_Guaviare_1_17_3_png.rf.52e5d98f3878967e8a048464e266fd8f.jpg, 0, 1
20240224_152114_87_24fc_3B_AnalyticMS_SR_PlanetScope_Calamar_Guaviare_1_11_10_png.rf.4a89074953a30ac005b0fc664123d440.jpg, 1, 1
20240224_152114_87_24fc_3B_AnalyticMS_SR_PlanetScope_Calamar_Guaviare_1_10_5_png.rf.4a76c0ae24fae53eabffd149f63b5f44.jpg, 1, 1
20240224_152114_87_24fc_3B_AnalyticMS_SR_PlanetScope_Calamar_Guaviare_1_8_12_png.rf.5433380b9c028781e0159737aab7d838.jpg, 0, 1
20240224_152114_87_24fc_3B_AnalyticMS_SR_PlanetScope_Calamar_Guaviare_1_11_1_png.rf.550156dc3ce110b76a965805e606bfbb.jpg, 0, 1
20240224_152114_87_24fc_3B_AnalyticMS_SR_PlanetScope_Calamar_Guaviare_1_10_2_png.rf.55a31d29e5d3c7c7233dbc40d496172b.jpg, 0, 1
20240224_152114_87_24fc_3B_AnalyticMS_SR_PlanetScope_Calamar_Guaviare_1_18_13_png.rf.5728571d0a7207de58f077dc7632d80c.jpg, 0, 1
20240224_152114_87_24fc_3B_AnalyticMS_SR_PlanetScope_Calamar_Guaviare_1_17_4_png.rf.586f24e1099c555b2c18a084f796c777.jpg, 1, 1
20240224_152114_87_24fc_3B_AnalyticMS_SR_PlanetScope_Calamar_Guaviare_1_1_12_png.rf.534f96dce14d4d6ca04c767351302440.jpg, 1, 1
20240224_152114_87_24fc_3B_AnalyticMS_SR_PlanetScope_Calamar_Guaviare_1_1_4_png.rf.52fb8e279f03359ba3738d317f24c1d6.jpg, 1, 1
20240224_152114_87_24fc_3B_AnalyticMS_SR_PlanetScope_Calamar_Guaviare_1_21_13_png.rf.595d8237a8564fd2b5bb89620486eecd.jpg, 1, 1
20240224_152114_87_24fc_3B_AnalyticMS_SR_PlanetScope_Calamar_Guaviare_1_19_4_png.rf.58aeb59a168fd6635a5c1a37d7a77243.jpg, 0, 1
20240224_152114_87_24fc_3B_AnalyticMS_SR_PlanetScope_Calamar_Guaviare_1_7_9_png.rf.56f5ce14cf0953d3dc818f7b00dce604.jpg, 1, 1
20240224_152114_87_24fc_3B_AnalyticMS_SR_PlanetScope_Calamar_Guaviare_1_16_10_png.rf.51bbe43edf30a898ccd079bffbbeb9a6.jpg, 0, 1
20240224_152114_87_24fc_3B_AnalyticMS_SR_PlanetScope_Calamar_Guaviare_1_6_13_png.rf.5b56898950c427e6866d70498748123b.jpg, 0, 1
20240224_152114_87_24fc_3B_AnalyticMS_SR_PlanetScope_Calamar_Guaviare_1_19_15_png.rf.5bf6e5da94634fd95f95698340a0c27a.jpg, 0, 1
20240224_152114_87_24fc_3B_AnalyticMS_SR_PlanetScope_Calamar_Guaviare_1_11_1_png.rf.584bcb8c42e6eae55f8cbd5ef74fa49b.jpg, 0, 1
20240224_152114_87_24fc_3B_AnalyticMS_SR_PlanetScope_Calamar_Guaviare_1_9_3_png.rf.5cb0e2cbd587f1e37620c45509fc82d0.jpg, 0, 1
20240224_152114_87_24fc_3B_AnalyticMS_SR_PlanetScope_Calamar_Guaviare_1_15_6_png.rf.5e4dc561c327c83681cf35bd7904d2b4.jpg, 1, 1
20240224_152114_87_24fc_3B_AnalyticMS_SR_PlanetScope_Calamar_Guaviare_1_19_14_png.rf.5b820be5a3bc19fa9f74312fc4461023.jpg, 0, 1
20240224_152114_87_24fc_3B_AnalyticMS_SR_PlanetScope_Calamar_Guaviare_1_23_14_png.rf.5cc317bccb71c66014fca08a95cfae46.jpg, 1, 1
20240224_152114_87_24fc_3B_AnalyticMS_SR_PlanetScope_Calamar_Guaviare_1_14_16_png.rf.5a5a1a9d98c3851af22ce420c7a7e185.jpg, 0, 1
20240224_152114_87_24fc_3B_AnalyticMS_SR_PlanetScope_Calamar_Guaviare_1_10_9_png.rf.5ed9c2087cc602a853bfa61e4f84f3df.jpg, 1, 1
20240224_152114_87_24fc_3B_AnalyticMS_SR_PlanetScope_Calamar_Guaviare_1_14_11_png.rf.61214294e88004da1c8a6a9a35f69ec3.jpg, 1, 1
20240224_152114_87_24fc_3B_AnalyticMS_SR_PlanetScope_Calamar_Guaviare_1_0_10_png.rf.5f054d16a61df521f67163c25ae32027.jpg, 1, 1
20240224_152114_87_24fc_3B_AnalyticMS_SR_PlanetScope_Calamar_Guaviare_1_17_11_png.rf.607c2060c1c15bad6754d06bfba6a1ef.jpg, 0, 1
20240224_152114_87_24fc_3B_AnalyticMS_SR_PlanetScope_Calamar_Guaviare_1_6_2_png.rf.5f6e2c88a1465eb6bfdd07584bbcf6be.jpg, 0, 1
20240224_152114_87_24fc_3B_AnalyticMS_SR_PlanetScope_Calamar_Guaviare_1_14_8_png.rf.615a522f54d41f2928a3dfa1431d554f.jpg, 0, 1
20240224_152114_87_24fc_3B_AnalyticMS_SR_PlanetScope_Calamar_Guaviare_1_23_14_png.rf.61d4eaf1f231dd47a692af9879a66057.jpg, 1, 1
20240224_152114_87_24fc_3B_AnalyticMS_SR_PlanetScope_Calamar_Guaviare_1_18_12_png.rf.62d3f6f8830b9f6d9f4e0664acab562b.jpg, 1, 1
20240224_152114_87_24fc_3B_AnalyticMS_SR_PlanetScope_Calamar_Guaviare_1_8_9_png.rf.6398adaa9ae2d3f195809e52f1c3680a.jpg, 0, 1
20240224_152114_87_24fc_3B_AnalyticMS_SR_PlanetScope_Calamar_Guaviare_1_10_2_png.rf.63d380fa289ae4fbf19a37a13ac89e46.jpg, 0, 1
20240224_152114_87_24fc_3B_AnalyticMS_SR_PlanetScope_Calamar_Guaviare_1_13_5_png.rf.5beb5b0a8f68cf9f7c657af5724406c6.jpg, 0, 1
20240224_152114_87_24fc_3B_AnalyticMS_SR_PlanetScope_Calamar_Guaviare_1_17_4_png.rf.62c4e6f3a696c3d22077af30c77688db.jpg, 1, 1
20240224_152114_87_24fc_3B_AnalyticMS_SR_PlanetScope_Calamar_Guaviare_1_17_3_png.rf.638ec677ce5a9c6d7df688623606f964.jpg, 0, 1
20240224_152114_87_24fc_3B_AnalyticMS_SR_PlanetScope_Calamar_Guaviare_1_9_9_png.rf.254eefe0afc258ef14edf69c2308ac68.jpg, 0, 1
20240224_152114_87_24fc_3B_AnalyticMS_SR_PlanetScope_Calamar_Guaviare_1_18_15_png.rf.62ec3324c541dfa90f35acad8bdef1ea.jpg, 1, 1
20240224_152114_87_24fc_3B_AnalyticMS_SR_PlanetScope_Calamar_Guaviare_1_22_17_png.rf.5e0a10af6b4d0df635da644e0c1cc938.jpg, 1, 1
20240224_152114_87_24fc_3B_AnalyticMS_SR_PlanetScope_Calamar_Guaviare_1_18_13_png.rf.645d4929cb384a8603dd3b5ed599618e.jpg, 0, 1
20240224_152114_87_24fc_3B_AnalyticMS_SR_PlanetScope_Calamar_Guaviare_1_22_17_png.rf.63ea6fe7755e36c15753ac7680e2b6e1.jpg, 1, 1
20240224_152114_87_24fc_3B_AnalyticMS_SR_PlanetScope_Calamar_Guaviare_1_12_9_png.rf.625c2c11158cd3980b58f630f9f531ac.jpg, 1, 1
20240224_152114_87_24fc_3B_AnalyticMS_SR_PlanetScope_Calamar_Guaviare_1_19_4_png.rf.64284efcdff28771a42ca735a0e8b70c.jpg, 0, 1
20240224_152114_87_24fc_3B_AnalyticMS_SR_PlanetScope_Calamar_Guaviare_1_5_2_png.rf.65589f1634acf4e1113f0727fc075339.jpg, 0, 1
20240224_152114_87_24fc_3B_AnalyticMS_SR_PlanetScope_Calamar_Guaviare_1_18_4_png.rf.622215997e7e45dfba80482362eb9449.jpg, 1, 1
20240224_152114_87_24fc_3B_AnalyticMS_SR_PlanetScope_Calamar_Guaviare_1_11_14_png.rf.64545be9ef9ed988fb5fbc6c83622bb7.jpg, 1, 1
20240224_152114_87_24fc_3B_AnalyticMS_SR_PlanetScope_Calamar_Guaviare_1_15_15_png.rf.64b04bd99154009f62bbf80fb5251d38.jpg, 1, 1
20240224_152114_87_24fc_3B_AnalyticMS_SR_PlanetScope_Calamar_Guaviare_1_18_4_png.rf.6730f8512cb649c8f2d309f922b840f3.jpg, 1, 1
20240224_152114_87_24fc_3B_AnalyticMS_SR_PlanetScope_Calamar_Guaviare_1_16_10_png.rf.66376ead311fb64691b88d9aaf19e8e1.jpg, 0, 1
20240224_152114_87_24fc_3B_AnalyticMS_SR_PlanetScope_Calamar_Guaviare_1_2_12_png.rf.68583713d776da76c151da99058b682f.jpg, 1, 1
20240224_152114_87_24fc_3B_AnalyticMS_SR_PlanetScope_Calamar_Guaviare_1_17_5_png.rf.66b024302fb8207c69cf2ed329c7e4f8.jpg, 1, 1
20240224_152114_87_24fc_3B_AnalyticMS_SR_PlanetScope_Calamar_Guaviare_1_7_10_png.rf.65e18f519d39325d591918d3b2b6d83e.jpg, 1, 1
20240224_152114_87_24fc_3B_AnalyticMS_SR_PlanetScope_Calamar_Guaviare_1_12_1_png.rf.67158939c2d2e08d28ee9682be97477b.jpg, 0, 1
20240224_152114_87_24fc_3B_AnalyticMS_SR_PlanetScope_Calamar_Guaviare_1_12_14_png.rf.660fa503cefed2ec78b3666985f145a3.jpg, 1, 1
20240224_152114_87_24fc_3B_AnalyticMS_SR_PlanetScope_Calamar_Guaviare_1_8_11_png.rf.60abb8f0fe13566ff95feaa6e3666d47.jpg, 0, 1
20240224_152114_87_24fc_3B_AnalyticMS_SR_PlanetScope_Calamar_Guaviare_1_0_12_png.rf.6bcf9b63bbe3f82cf45d279eac679ca4.jpg, 0, 1
20240224_152114_87_24fc_3B_AnalyticMS_SR_PlanetScope_Calamar_Guaviare_1_11_14_png.rf.6c6d2cc196d268543ae039c1d2c0a2b5.jpg, 1, 1
20240224_152114_87_24fc_3B_AnalyticMS_SR_PlanetScope_Calamar_Guaviare_1_1_7_png.rf.6ad2ac3f309e826b5343e7bbf1971814.jpg, 1, 1
20240224_152114_87_24fc_3B_AnalyticMS_SR_PlanetScope_Calamar_Guaviare_1_21_17_png.rf.6aab4f241f0463d6adc18adfafb590f3.jpg, 0, 1
20240224_152114_87_24fc_3B_AnalyticMS_SR_PlanetScope_Calamar_Guaviare_1_12_12_png.rf.68f91a7f98463147691586dfc18c11ad.jpg, 1, 1
20240224_152114_87_24fc_3B_AnalyticMS_SR_PlanetScope_Calamar_Guaviare_1_15_12_png.rf.6e8717f3dd88a9f14aa453187d32f178.jpg, 0, 1
20240224_152114_87_24fc_3B_AnalyticMS_SR_PlanetScope_Calamar_Guaviare_1_8_6_png.rf.6e7c7d038dbceca0b46b8455e500f249.jpg, 0, 1
20240224_152114_87_24fc_3B_AnalyticMS_SR_PlanetScope_Calamar_Guaviare_1_13_11_png.rf.7145404f449edeee08a7f41155668a30.jpg, 1, 1
20240224_152114_87_24fc_3B_AnalyticMS_SR_PlanetScope_Calamar_Guaviare_1_10_10_png.rf.71dc39a3cb391a40a077dbe0af227b2c.jpg, 0, 1
20240224_152114_87_24fc_3B_AnalyticMS_SR_PlanetScope_Calamar_Guaviare_1_21_3_png.rf.6cb363abe4ffa186233e171fcaf0f0b4.jpg, 0, 1
20240224_152114_87_24fc_3B_AnalyticMS_SR_PlanetScope_Calamar_Guaviare_1_1_7_png.rf.6cba5d08a4f212f83e79e17835219cf5.jpg, 1, 1
20240224_152114_87_24fc_3B_AnalyticMS_SR_PlanetScope_Calamar_Guaviare_1_9_11_png.rf.6fe26a9ca1f6a5329d8f33fc02fd4ba9.jpg, 0, 1
20240224_152114_87_24fc_3B_AnalyticMS_SR_PlanetScope_Calamar_Guaviare_1_10_2_png.rf.6ffc0459f23874e68b1c5d74fc71e9b5.jpg, 0, 1
20240224_152114_87_24fc_3B_AnalyticMS_SR_PlanetScope_Calamar_Guaviare_1_0_11_png.rf.6e10039320858e8c2500fe1236ec2cf6.jpg, 0, 1
20240224_152114_87_24fc_3B_AnalyticMS_SR_PlanetScope_Calamar_Guaviare_1_9_5_png.rf.6b4f89e55eedd2c959cc1117478c1e5e.jpg, 0, 1
20240224_152114_87_24fc_3B_AnalyticMS_SR_PlanetScope_Calamar_Guaviare_1_12_11_png.rf.6a8ff5af930a57a182a298b4320cc614.jpg, 1, 1
20240224_152114_87_24fc_3B_AnalyticMS_SR_PlanetScope_Calamar_Guaviare_1_8_14_png.rf.704c95592026879519a84e5885f52a4b.jpg, 1, 1
20240224_152114_87_24fc_3B_AnalyticMS_SR_PlanetScope_Calamar_Guaviare_1_19_10_png.rf.748d63e8b944b23c9fbcd5775dac31d0.jpg, 0, 1
20240224_152114_87_24fc_3B_AnalyticMS_SR_PlanetScope_Calamar_Guaviare_1_19_9_png.rf.6b8e74ad72f52be354be44b9ac7f56d3.jpg, 0, 1
20240224_152114_87_24fc_3B_AnalyticMS_SR_PlanetScope_Calamar_Guaviare_1_1_10_png.rf.6c46ef3acbb60881ce9f5486bb6d810d.jpg, 0, 1
20240224_152114_87_24fc_3B_AnalyticMS_SR_PlanetScope_Calamar_Guaviare_1_11_4_png.rf.72238b8363b379fe9bae6ca26ce72bd9.jpg, 1, 1
20240224_152114_87_24fc_3B_AnalyticMS_SR_PlanetScope_Calamar_Guaviare_1_19_9_png.rf.760184a24337c38619c656ecb903e6df.jpg, 0, 1
20240224_152114_87_24fc_3B_AnalyticMS_SR_PlanetScope_Calamar_Guaviare_1_16_10_png.rf.7252b8fabb70cf19b006cdcc89242526.jpg, 0, 1
20240224_152114_87_24fc_3B_AnalyticMS_SR_PlanetScope_Calamar_Guaviare_1_13_11_png.rf.75dba6798283f2c7ca1e972d41d3e5e1.jpg, 1, 1
20240224_152114_87_24fc_3B_AnalyticMS_SR_PlanetScope_Calamar_Guaviare_1_10_1_png.rf.702dddd9e6570febeba1bd31f7c1c36e.jpg, 0, 1
20240224_152114_87_24fc_3B_AnalyticMS_SR_PlanetScope_Calamar_Guaviare_1_6_2_png.rf.7dcd74d95e586d694c2bc59b56280c4f.jpg, 0, 1
20240224_152114_87_24fc_3B_AnalyticMS_SR_PlanetScope_Calamar_Guaviare_1_18_9_png.rf.7e6d77b41448aa6579fc608593313dbe.jpg, 1, 1
20240224_152114_87_24fc_3B_AnalyticMS_SR_PlanetScope_Calamar_Guaviare_1_15_7_png.rf.7ae315b74ee3abaf9f384a5be89bc86b.jpg, 0, 1
20240224_152114_87_24fc_3B_AnalyticMS_SR_PlanetScope_Calamar_Guaviare_1_9_15_png.rf.799427f21990557bdd9b91eb4fece2e0.jpg, 1, 1
20240224_152114_87_24fc_3B_AnalyticMS_SR_PlanetScope_Calamar_Guaviare_1_14_13_png.rf.7f20cee91494e8435e07bc62305b6cf5.jpg, 0, 1
20240224_152114_87_24fc_3B_AnalyticMS_SR_PlanetScope_Calamar_Guaviare_1_11_3_png.rf.7bf7a1b7edad45288d9429cc5d0d2f06.jpg, 1, 1
20240224_152114_87_24fc_3B_AnalyticMS_SR_PlanetScope_Calamar_Guaviare_1_10_6_png.rf.793a255a23515ad37cb8db90ab82c065.jpg, 0, 1
20240224_152114_87_24fc_3B_AnalyticMS_SR_PlanetScope_Calamar_Guaviare_1_11_3_png.rf.8042c4e16bf08f8f5b2b4d8fe2d0da39.jpg, 1, 1
20240224_152114_87_24fc_3B_AnalyticMS_SR_PlanetScope_Calamar_Guaviare_1_14_8_png.rf.7d13148a6bc4b9a5ec573356a0977dc5.jpg, 0, 1
20240224_152114_87_24fc_3B_AnalyticMS_SR_PlanetScope_Calamar_Guaviare_1_11_13_png.rf.833c163749693d8c7cfdd8bbcc8d60c1.jpg, 1, 1
20240224_152114_87_24fc_3B_AnalyticMS_SR_PlanetScope_Calamar_Guaviare_1_0_9_png.rf.779ae5cfa4a532876557fbdddb987fc3.jpg, 0, 1
20240224_152114_87_24fc_3B_AnalyticMS_SR_PlanetScope_Calamar_Guaviare_1_11_4_png.rf.831defa39bcd2162d3d4b1d01140a57b.jpg, 1, 1
20240224_152114_87_24fc_3B_AnalyticMS_SR_PlanetScope_Calamar_Guaviare_1_10_14_png.rf.79587295c6699199e962f551c9c57b43.jpg, 0, 1
20240224_152114_87_24fc_3B_AnalyticMS_SR_PlanetScope_Calamar_Guaviare_1_15_7_png.rf.81029cb8c71cec7c37f2976a6d75bee7.jpg, 0, 1
20240224_152114_87_24fc_3B_AnalyticMS_SR_PlanetScope_Calamar_Guaviare_1_22_4_png.rf.8021a304abdfedf73c3f22d89f8e76e8.jpg, 1, 1
20240224_152114_87_24fc_3B_AnalyticMS_SR_PlanetScope_Calamar_Guaviare_1_16_13_png.rf.8181258f51fa1ca59f9e79fe193456b6.jpg, 0, 1
20240224_152114_87_24fc_3B_AnalyticMS_SR_PlanetScope_Calamar_Guaviare_1_11_6_png.rf.7c29c7f2e9011f520b37253d4056c923.jpg, 0, 1
20240224_152114_87_24fc_3B_AnalyticMS_SR_PlanetScope_Calamar_Guaviare_1_8_7_png.rf.8146a257935367a8599f6677941d9809.jpg, 1, 1
20240224_152114_87_24fc_3B_AnalyticMS_SR_PlanetScope_Calamar_Guaviare_1_12_7_png.rf.76a28f84ac6e6402a972042acb2ae34a.jpg, 0, 1
20240224_152114_87_24fc_3B_AnalyticMS_SR_PlanetScope_Calamar_Guaviare_1_11_9_png.rf.79b725aebeceb292a6c29d53baedb17a.jpg, 1, 1
20240224_152114_87_24fc_3B_AnalyticMS_SR_PlanetScope_Calamar_Guaviare_1_12_1_png.rf.861cc4cabf5136d9043a559d838e6263.jpg, 0, 1
20240224_152114_87_24fc_3B_AnalyticMS_SR_PlanetScope_Calamar_Guaviare_1_14_15_png.rf.801f05d0ffbbcd0ffac47b3faeb42c93.jpg, 1, 1
20240224_152114_87_24fc_3B_AnalyticMS_SR_PlanetScope_Calamar_Guaviare_1_22_15_png.rf.88156fa48ac78ba65abed444eec30278.jpg, 1, 1
20240224_152114_87_24fc_3B_AnalyticMS_SR_PlanetScope_Calamar_Guaviare_1_9_1_png.rf.76eafd808fb5ea83856a8a3fdbd51d9f.jpg, 0, 1
20240224_152114_87_24fc_3B_AnalyticMS_SR_PlanetScope_Calamar_Guaviare_1_14_8_png.rf.88079a8440e9b317a3e093e20e2efbd5.jpg, 0, 1
20240224_152114_87_24fc_3B_AnalyticMS_SR_PlanetScope_Calamar_Guaviare_1_21_3_png.rf.7684b52d86f1dc17dc791cf806b64a95.jpg, 0, 1
20240224_152114_87_24fc_3B_AnalyticMS_SR_PlanetScope_Calamar_Guaviare_1_20_12_png.rf.84853988277d6e0fc9891a8997039222.jpg, 0, 1
20240224_152114_87_24fc_3B_AnalyticMS_SR_PlanetScope_Calamar_Guaviare_1_11_6_png.rf.87ad9b1c5545091f0e42bf8a9c06ce0e.jpg, 0, 1
20240224_152114_87_24fc_3B_AnalyticMS_SR_PlanetScope_Calamar_Guaviare_1_12_10_png.rf.87121a9b4e78a4d50e38d0c7d61bdf29.jpg, 1, 1
20240224_152114_87_24fc_3B_AnalyticMS_SR_PlanetScope_Calamar_Guaviare_1_13_12_png.rf.882bdcd77024ffe9ec0518bc790ec676.jpg, 0, 1
20240224_152114_87_24fc_3B_AnalyticMS_SR_PlanetScope_Calamar_Guaviare_1_10_6_png.rf.846a14fe19b8130948a781cdb7928de8.jpg, 0, 1
20240224_152114_87_24fc_3B_AnalyticMS_SR_PlanetScope_Calamar_Guaviare_1_19_15_png.rf.8817c0df3d9fbdef0a83a0693d25034a.jpg, 0, 1
20240224_152114_87_24fc_3B_AnalyticMS_SR_PlanetScope_Calamar_Guaviare_1_16_3_png.rf.8ccd358346f0ee12c16daab1202d829c.jpg, 0, 1
20240224_152114_87_24fc_3B_AnalyticMS_SR_PlanetScope_Calamar_Guaviare_1_11_11_png.rf.8e33291732f9db75f625e6ec21f9d1f5.jpg, 1, 1
20240224_152114_87_24fc_3B_AnalyticMS_SR_PlanetScope_Calamar_Guaviare_1_8_12_png.rf.8ba2df56452660298801229953006bf5.jpg, 0, 1
20240224_152114_87_24fc_3B_AnalyticMS_SR_PlanetScope_Calamar_Guaviare_1_10_6_png.rf.857c902c3fc8e923238e7ec713366a9c.jpg, 0, 1
20240224_152114_87_24fc_3B_AnalyticMS_SR_PlanetScope_Calamar_Guaviare_1_14_6_png.rf.90a1ce1fbb4f5f004e4980cb459745d9.jpg, 1, 1
20240224_152114_87_24fc_3B_AnalyticMS_SR_PlanetScope_Calamar_Guaviare_1_9_8_png.rf.8378294cae85e136241a40250d351a86.jpg, 1, 1
20240224_152114_87_24fc_3B_AnalyticMS_SR_PlanetScope_Calamar_Guaviare_1_6_3_png.rf.92bc71ec2a4c27e02f70cb69673e0010.jpg, 0, 1
20240224_152114_87_24fc_3B_AnalyticMS_SR_PlanetScope_Calamar_Guaviare_1_9_5_png.rf.8b93c7839d09f86723ce9ca9c0606429.jpg, 0, 1
20240224_152114_87_24fc_3B_AnalyticMS_SR_PlanetScope_Calamar_Guaviare_1_0_12_png.rf.8f0313fb0cd64a00441ff98030f00c28.jpg, 0, 1
20240224_152114_87_24fc_3B_AnalyticMS_SR_PlanetScope_Calamar_Guaviare_1_14_14_png.rf.91202f3610ea40e31dff890e1567f07f.jpg, 1, 1
20240224_152114_87_24fc_3B_AnalyticMS_SR_PlanetScope_Calamar_Guaviare_1_16_13_png.rf.8c7726d64dc1c83df47f07e4b2eea74e.jpg, 0, 1
20240224_152114_87_24fc_3B_AnalyticMS_SR_PlanetScope_Calamar_Guaviare_1_14_15_png.rf.8c223f709949a29938220f1a64177559.jpg, 1, 1
20240224_152114_87_24fc_3B_AnalyticMS_SR_PlanetScope_Calamar_Guaviare_1_12_13_png.rf.8f62fb338de173c8bef2ba43144d833e.jpg, 1, 1
20240224_152114_87_24fc_3B_AnalyticMS_SR_PlanetScope_Calamar_Guaviare_1_15_15_png.rf.91f60b86e36897a1b979c9b87fc08121.jpg, 1, 1
20240224_152114_87_24fc_3B_AnalyticMS_SR_PlanetScope_Calamar_Guaviare_1_14_3_png.rf.9364fd804066ad8960fde71191903f75.jpg, 0, 1
20240224_152114_87_24fc_3B_AnalyticMS_SR_PlanetScope_Calamar_Guaviare_1_16_5_png.rf.92768a1474bad68733ed07da9cf40c94.jpg, 0, 1
20240224_152114_87_24fc_3B_AnalyticMS_SR_PlanetScope_Calamar_Guaviare_1_13_13_png.rf.95f87da982dd4c656da80d659dce13b1.jpg, 1, 1
20240224_152114_87_24fc_3B_AnalyticMS_SR_PlanetScope_Calamar_Guaviare_1_11_9_png.rf.93919425b12fd9907776b4852ee1d143.jpg, 1, 1
20240224_152114_87_24fc_3B_AnalyticMS_SR_PlanetScope_Calamar_Guaviare_1_2_0_png.rf.91a3383d098b13bdb51fecc8de11516d.jpg, 1, 1
20240224_152114_87_24fc_3B_AnalyticMS_SR_PlanetScope_Calamar_Guaviare_1_14_6_png.rf.92e4754933dba22cd1d6b9bc9607d55b.jpg, 1, 1
20240224_152114_87_24fc_3B_AnalyticMS_SR_PlanetScope_Calamar_Guaviare_1_20_13_png.rf.96083c700f469be5f8b8190418690b00.jpg, 1, 1
20240224_152114_87_24fc_3B_AnalyticMS_SR_PlanetScope_Calamar_Guaviare_1_8_11_png.rf.917f5f15752930f38b329d655f9f5788.jpg, 0, 1
20240224_152114_87_24fc_3B_AnalyticMS_SR_PlanetScope_Calamar_Guaviare_1_12_12_png.rf.9685efb9a208f135fe21e09fd852951e.jpg, 1, 1
20240224_152114_87_24fc_3B_AnalyticMS_SR_PlanetScope_Calamar_Guaviare_1_15_2_png.rf.977fd8d0b88229b61cae1863c24a623d.jpg, 1, 1
20240224_152114_87_24fc_3B_AnalyticMS_SR_PlanetScope_Calamar_Guaviare_1_19_14_png.rf.9bf7bf96c580f9c1964f71dfab78dab5.jpg, 0, 1
20240224_152114_87_24fc_3B_AnalyticMS_SR_PlanetScope_Calamar_Guaviare_1_12_14_png.rf.96fd17ea09fe1939eeb5087a85990154.jpg, 1, 1
20240224_152114_87_24fc_3B_AnalyticMS_SR_PlanetScope_Calamar_Guaviare_1_16_6_png.rf.9a828eaee4994810a21c2fc3012f11e4.jpg, 0, 1
20240224_152114_87_24fc_3B_AnalyticMS_SR_PlanetScope_Calamar_Guaviare_1_17_12_png.rf.9e00a84af5443dbfebf6033ab07fbdb3.jpg, 1, 1
20240224_152114_87_24fc_3B_AnalyticMS_SR_PlanetScope_Calamar_Guaviare_1_1_10_png.rf.9c88eab37f7c0b48e0ff73d201e09d09.jpg, 0, 1
20240224_152114_87_24fc_3B_AnalyticMS_SR_PlanetScope_Calamar_Guaviare_1_11_10_png.rf.94f51477b520720627eb3f9553ca4fcf.jpg, 1, 1
20240224_152114_87_24fc_3B_AnalyticMS_SR_PlanetScope_Calamar_Guaviare_1_10_8_png.rf.9db522a6622466579cef893bf596f6b9.jpg, 1, 1
20240224_152114_87_24fc_3B_AnalyticMS_SR_PlanetScope_Calamar_Guaviare_1_10_10_png.rf.9a1a7f77301b1516d9fc716bfe30de33.jpg, 0, 1
20240224_152114_87_24fc_3B_AnalyticMS_SR_PlanetScope_Calamar_Guaviare_1_15_7_png.rf.a29bf6b0f6b5dac4467f0e303f26028b.jpg, 0, 1
20240224_152114_87_24fc_3B_AnalyticMS_SR_PlanetScope_Calamar_Guaviare_1_7_11_png.rf.a220694e2a6038e06affc9bac24f4546.jpg, 0, 1
20240224_152114_87_24fc_3B_AnalyticMS_SR_PlanetScope_Calamar_Guaviare_1_7_1_png.rf.9fe38efbdf183b114886a0a461167306.jpg, 1, 1
20240224_152114_87_24fc_3B_AnalyticMS_SR_PlanetScope_Calamar_Guaviare_1_11_5_png.rf.98ac636d81fe1ed63ec6d152726febc2.jpg, 0, 1
20240224_152114_87_24fc_3B_AnalyticMS_SR_PlanetScope_Calamar_Guaviare_1_9_3_png.rf.a3b312bb413b98e8f9053060a40f8d60.jpg, 0, 1
20240224_152114_87_24fc_3B_AnalyticMS_SR_PlanetScope_Calamar_Guaviare_1_1_4_png.rf.a04bcf56a397886c3decfe0fa9363f02.jpg, 1, 1
20240224_152114_87_24fc_3B_AnalyticMS_SR_PlanetScope_Calamar_Guaviare_1_16_5_png.rf.962c691cdad6054efd01f1e72d241d34.jpg, 0, 1
20240224_152114_87_24fc_3B_AnalyticMS_SR_PlanetScope_Calamar_Guaviare_1_13_10_png.rf.9a450e8819149d94a163a2858c4d9b1a.jpg, 1, 1
20240224_152114_87_24fc_3B_AnalyticMS_SR_PlanetScope_Calamar_Guaviare_1_19_4_png.rf.a2e80c9499c6a303db6df3f04cd789bd.jpg, 0, 1
20240224_152114_87_24fc_3B_AnalyticMS_SR_PlanetScope_Calamar_Guaviare_1_19_16_png.rf.9d989c5f807d1d2ab388a7cbce56268b.jpg, 0, 1
20240224_152114_87_24fc_3B_AnalyticMS_SR_PlanetScope_Calamar_Guaviare_1_13_10_png.rf.a38567b990e7e3c06e406c1146c35e5c.jpg, 1, 1
20240224_152114_87_24fc_3B_AnalyticMS_SR_PlanetScope_Calamar_Guaviare_1_0_9_png.rf.a1869e77405941459a15cd31b92bbb7d.jpg, 0, 1
20240224_152114_87_24fc_3B_AnalyticMS_SR_PlanetScope_Calamar_Guaviare_1_23_4_png.rf.a22d6fb1d541993249cabd52786a6770.jpg, 1, 1
20240224_152114_87_24fc_3B_AnalyticMS_SR_PlanetScope_Calamar_Guaviare_1_6_4_png.rf.9fea0be6e32c50035fe546ece8f5fced.jpg, 1, 1
20240224_152114_87_24fc_3B_AnalyticMS_SR_PlanetScope_Calamar_Guaviare_1_18_8_png.rf.a413f479c9c6e691e9b72c8a2c7aaa5a.jpg, 1, 1
20240224_152114_87_24fc_3B_AnalyticMS_SR_PlanetScope_Calamar_Guaviare_1_11_6_png.rf.a62d5400c84764d9839a307b8ce36722.jpg, 0, 1
20240224_152114_87_24fc_3B_AnalyticMS_SR_PlanetScope_Calamar_Guaviare_1_14_14_png.rf.9f26a0d6f24e61808c71c4e850a2ecc2.jpg, 1, 1
20240224_152114_87_24fc_3B_AnalyticMS_SR_PlanetScope_Calamar_Guaviare_1_11_3_png.rf.a4498434802ff315180587b98da988bb.jpg, 1, 1
20240224_152114_87_24fc_3B_AnalyticMS_SR_PlanetScope_Calamar_Guaviare_1_16_3_png.rf.a6e1f993d36b73b346ed4561ea5a4064.jpg, 0, 1
20240224_152114_87_24fc_3B_AnalyticMS_SR_PlanetScope_Calamar_Guaviare_1_19_16_png.rf.a01834322bd02fd0256d9dcd13e3d2be.jpg, 0, 1
20240224_152114_87_24fc_3B_AnalyticMS_SR_PlanetScope_Calamar_Guaviare_1_9_10_png.rf.a7ee196399d1deba6e588b5023ae6c93.jpg, 1, 1
20240224_152114_87_24fc_3B_AnalyticMS_SR_PlanetScope_Calamar_Guaviare_1_6_12_png.rf.a3bb5e7a3d782b8b68efc7c9f83cd820.jpg, 0, 1
20240224_152114_87_24fc_3B_AnalyticMS_SR_PlanetScope_Calamar_Guaviare_1_22_6_png.rf.aebfd70765504b76c65bb181bd13d4b5.jpg, 1, 1
20240224_152114_87_24fc_3B_AnalyticMS_SR_PlanetScope_Calamar_Guaviare_1_15_8_png.rf.a8c10636d6eb99957b824e488dfc0037.jpg, 0, 1
20240224_152114_87_24fc_3B_AnalyticMS_SR_PlanetScope_Calamar_Guaviare_1_13_15_png.rf.b1df8f25b11e1b34a2502d67cd2e8736.jpg, 1, 1
20240224_152114_87_24fc_3B_AnalyticMS_SR_PlanetScope_Calamar_Guaviare_1_16_15_png.rf.ab7fa5c423781e66f3e95b9e8da3b21c.jpg, 1, 1
20240224_152114_87_24fc_3B_AnalyticMS_SR_PlanetScope_Calamar_Guaviare_1_12_9_png.rf.b01bd3c58504b4b326c2f62dd311fb25.jpg, 1, 1
20240224_152114_87_24fc_3B_AnalyticMS_SR_PlanetScope_Calamar_Guaviare_1_12_2_png.rf.b6146714a29603e298556a252a08142f.jpg, 0, 1
20240224_152114_87_24fc_3B_AnalyticMS_SR_PlanetScope_Calamar_Guaviare_1_17_15_png.rf.a82f7ab0e0a145f9d87186627d0d3877.jpg, 0, 1
20240224_152114_87_24fc_3B_AnalyticMS_SR_PlanetScope_Calamar_Guaviare_1_6_4_png.rf.abd46ba78a0d3159300ac68db72e46fa.jpg, 1, 1
20240224_152114_87_24fc_3B_AnalyticMS_SR_PlanetScope_Calamar_Guaviare_1_14_10_png.rf.a7969120351a097167a8a40959e85728.jpg, 1, 1
20240224_152114_87_24fc_3B_AnalyticMS_SR_PlanetScope_Calamar_Guaviare_1_12_10_png.rf.b0ec9f0a07e32405c8de642459681b2c.jpg, 1, 1
20240224_152114_87_24fc_3B_AnalyticMS_SR_PlanetScope_Calamar_Guaviare_1_16_6_png.rf.a6adb13011bcf260cc56a4efa72f3064.jpg, 0, 1
20240224_152114_87_24fc_3B_AnalyticMS_SR_PlanetScope_Calamar_Guaviare_1_12_12_png.rf.b6647cfa55412db40ea19105b83098bd.jpg, 1, 1
20240224_152114_87_24fc_3B_AnalyticMS_SR_PlanetScope_Calamar_Guaviare_1_13_13_png.rf.af9362c41eebbd2f7ee7a985b60e619c.jpg, 1, 1
20240224_152114_87_24fc_3B_AnalyticMS_SR_PlanetScope_Calamar_Guaviare_1_10_8_png.rf.ad8903961e82128870519640a594a4a8.jpg, 1, 1
20240224_152114_87_24fc_3B_AnalyticMS_SR_PlanetScope_Calamar_Guaviare_1_7_11_png.rf.bdb7dd5eb51fa06d714f5b3b7908bfcb.jpg, 0, 1
20240224_152114_87_24fc_3B_AnalyticMS_SR_PlanetScope_Calamar_Guaviare_1_23_13_png.rf.ae966e5ddca74692cc9149b892f57165.jpg, 0, 1
20240224_152114_87_24fc_3B_AnalyticMS_SR_PlanetScope_Calamar_Guaviare_1_23_4_png.rf.b5ed69a5ea4957e4bdef06f1bc376475.jpg, 1, 1
20240224_152114_87_24fc_3B_AnalyticMS_SR_PlanetScope_Calamar_Guaviare_1_18_9_png.rf.b1f8b93c79d8ee1e092176c101cc8e9a.jpg, 1, 1
20240224_152114_87_24fc_3B_AnalyticMS_SR_PlanetScope_Calamar_Guaviare_1_11_14_png.rf.b4d69f1d85c23c6fcf0eb2b87d8805ab.jpg, 1, 1
20240224_152114_87_24fc_3B_AnalyticMS_SR_PlanetScope_Calamar_Guaviare_1_15_4_png.rf.b680cd0838b7020ad875788a299aa497.jpg, 0, 1
20240224_152114_87_24fc_3B_AnalyticMS_SR_PlanetScope_Calamar_Guaviare_1_15_13_png.rf.b75634ddcd436c4ccecb7e4a4bd817aa.jpg, 0, 1
20240224_152114_87_24fc_3B_AnalyticMS_SR_PlanetScope_Calamar_Guaviare_1_17_5_png.rf.be6c83fc8761915bf669177e9e77489d.jpg, 1, 1
20240224_152114_87_24fc_3B_AnalyticMS_SR_PlanetScope_Calamar_Guaviare_1_14_3_png.rf.bb9438ffb1cc4ec29cd6fac707c6b863.jpg, 0, 1
20240224_152114_87_24fc_3B_AnalyticMS_SR_PlanetScope_Calamar_Guaviare_1_10_9_png.rf.ad2f63e23196cd3a45f3cb22a7cfe46c.jpg, 1, 1
20240224_152114_87_24fc_3B_AnalyticMS_SR_PlanetScope_Calamar_Guaviare_1_16_3_png.rf.bdf048f32d0129a59745a9a44a12c339.jpg, 0, 1
20240224_152114_87_24fc_3B_AnalyticMS_SR_PlanetScope_Calamar_Guaviare_1_6_13_png.rf.c0742ad784bfc0342dbe29255c20b4be.jpg, 0, 1
20240224_152114_87_24fc_3B_AnalyticMS_SR_PlanetScope_Calamar_Guaviare_1_15_8_png.rf.bdfd5b2447d54be5943703cf8ab6db92.jpg, 0, 1
20240224_152114_87_24fc_3B_AnalyticMS_SR_PlanetScope_Calamar_Guaviare_1_21_3_png.rf.ba9c69cdd951fdb3f58db69334645523.jpg, 0, 1
20240224_152114_87_24fc_3B_AnalyticMS_SR_PlanetScope_Calamar_Guaviare_1_10_14_png.rf.c0474e5eda30c8c1a39de86d27ecee4e.jpg, 0, 1
20240224_152114_87_24fc_3B_AnalyticMS_SR_PlanetScope_Calamar_Guaviare_1_11_2_png.rf.c286259299709f7e11dc3e712a146363.jpg, 1, 1
20240224_152114_87_24fc_3B_AnalyticMS_SR_PlanetScope_Calamar_Guaviare_1_10_3_png.rf.c128adc5ff57386e5a3649b8e869d6bb.jpg, 1, 1
20240224_152114_87_24fc_3B_AnalyticMS_SR_PlanetScope_Calamar_Guaviare_1_10_4_png.rf.a3ef3a42f02336bfa51d7067f5121ecd.jpg, 1, 1
20240224_152114_87_24fc_3B_AnalyticMS_SR_PlanetScope_Calamar_Guaviare_1_8_7_png.rf.bf3ecd35760174285978c439c3ad5da8.jpg, 1, 1
20240224_152114_87_24fc_3B_AnalyticMS_SR_PlanetScope_Calamar_Guaviare_1_16_5_png.rf.c248e806d0467a00fbe982fbf32d9fcd.jpg, 0, 1
20240224_152114_87_24fc_3B_AnalyticMS_SR_PlanetScope_Calamar_Guaviare_1_22_4_png.rf.bf41f55b11a6c97731d62d93a8c73d07.jpg, 1, 1
20240224_152114_87_24fc_3B_AnalyticMS_SR_PlanetScope_Calamar_Guaviare_1_23_4_png.rf.c41bfe96f6a95b632c74515d166b49e5.jpg, 1, 1
20240224_152114_87_24fc_3B_AnalyticMS_SR_PlanetScope_Calamar_Guaviare_1_14_9_png.rf.c3b8d0a50ba71d256d135195de59a8f7.jpg, 0, 1
20240224_152114_87_24fc_3B_AnalyticMS_SR_PlanetScope_Calamar_Guaviare_1_8_10_png.rf.c542ed4b2589792c121be2257b9010dc.jpg, 0, 1
20240224_152114_87_24fc_3B_AnalyticMS_SR_PlanetScope_Calamar_Guaviare_1_10_15_png.rf.ca2faf80eac2da2631ac50c88dfd1baa.jpg, 1, 1
20240224_152114_87_24fc_3B_AnalyticMS_SR_PlanetScope_Calamar_Guaviare_1_13_10_png.rf.bdf25801572a1780a12f2fa7de56fbcd.jpg, 1, 1
20240224_152114_87_24fc_3B_AnalyticMS_SR_PlanetScope_Calamar_Guaviare_1_17_13_png.rf.ca5077f649181efb6742002d0883a7ce.jpg, 0, 1
20240224_152114_87_24fc_3B_AnalyticMS_SR_PlanetScope_Calamar_Guaviare_1_9_3_png.rf.ca6522a801eea08ad5ccc9fe1958df83.jpg, 0, 1
20240224_152114_87_24fc_3B_AnalyticMS_SR_PlanetScope_Calamar_Guaviare_1_15_2_png.rf.c64ca0a6c6e6988459bc048790ddc980.jpg, 1, 1
20240224_152114_87_24fc_3B_AnalyticMS_SR_PlanetScope_Calamar_Guaviare_1_1_10_png.rf.c6672ab95be7d1fa3919713d0cc800e7.jpg, 0, 1
20240224_152114_87_24fc_3B_AnalyticMS_SR_PlanetScope_Calamar_Guaviare_1_7_10_png.rf.c06a7a660653477a1daefebc7dcc7c9d.jpg, 1, 1
20240224_152114_87_24fc_3B_AnalyticMS_SR_PlanetScope_Calamar_Guaviare_1_21_13_png.rf.c3c4e2c79fbea5435dc862751d54b950.jpg, 1, 1
20240224_152114_87_24fc_3B_AnalyticMS_SR_PlanetScope_Calamar_Guaviare_1_1_7_png.rf.cd33541a1cdc63030358a04030385f80.jpg, 1, 1
20240224_152114_87_24fc_3B_AnalyticMS_SR_PlanetScope_Calamar_Guaviare_1_20_12_png.rf.cd8a1ac256c81b65a31722299480a11a.jpg, 0, 1
20240224_152114_87_24fc_3B_AnalyticMS_SR_PlanetScope_Calamar_Guaviare_1_14_16_png.rf.cbd054a7f0a2b295b2b01e8ba1f9a197.jpg, 0, 1
20240224_152114_87_24fc_3B_AnalyticMS_SR_PlanetScope_Calamar_Guaviare_1_8_13_png.rf.c903a2b62ac986f8281f01935dbcc44c.jpg, 0, 1
20240224_152114_87_24fc_3B_AnalyticMS_SR_PlanetScope_Calamar_Guaviare_1_18_8_png.rf.cb97c6b45466d3100a4be4c12ffd749d.jpg, 1, 1
20240224_152114_87_24fc_3B_AnalyticMS_SR_PlanetScope_Calamar_Guaviare_1_11_13_png.rf.d38053306a34c610ad7ad937ea770ce0.jpg, 1, 1
20240224_152114_87_24fc_3B_AnalyticMS_SR_PlanetScope_Calamar_Guaviare_1_11_15_png.rf.caa3efce23fd7d5c919233f69a4ba4c6.jpg, 1, 1
20240224_152114_87_24fc_3B_AnalyticMS_SR_PlanetScope_Calamar_Guaviare_1_12_1_png.rf.ce9a0b04da4df4c8d0f13fe0a12fd208.jpg, 0, 1
20240224_152114_87_24fc_3B_AnalyticMS_SR_PlanetScope_Calamar_Guaviare_1_9_9_png.rf.ce1f4c353d495674c21653bc11899d8b.jpg, 0, 1
20240224_152114_87_24fc_3B_AnalyticMS_SR_PlanetScope_Calamar_Guaviare_1_12_2_png.rf.cf30465c2d46a44aa9816f9d8f83105c.jpg, 0, 1
20240224_152114_87_24fc_3B_AnalyticMS_SR_PlanetScope_Calamar_Guaviare_1_7_12_png.rf.cc25288662d8eeca92762b5fed61a627.jpg, 0, 1
20240224_152114_87_24fc_3B_AnalyticMS_SR_PlanetScope_Calamar_Guaviare_1_16_15_png.rf.d3a4182c98e86eb13be8aa3703cb6c2a.jpg, 1, 1
20240224_152114_87_24fc_3B_AnalyticMS_SR_PlanetScope_Calamar_Guaviare_1_16_11_png.rf.cedae8e3abbe49ea564455ba66e51b77.jpg, 1, 1
20240224_152114_87_24fc_3B_AnalyticMS_SR_PlanetScope_Calamar_Guaviare_1_12_13_png.rf.cd512903300e5ac0af3c803c2e93bd50.jpg, 1, 1
20240224_152114_87_24fc_3B_AnalyticMS_SR_PlanetScope_Calamar_Guaviare_1_9_1_png.rf.d40ef803582fc3c5e967f5155e608efa.jpg, 0, 1
20240224_152114_87_24fc_3B_AnalyticMS_SR_PlanetScope_Calamar_Guaviare_1_13_8_png.rf.cdaab9ec1498bfdced6d64dec01d8a35.jpg, 0, 1
20240224_152114_87_24fc_3B_AnalyticMS_SR_PlanetScope_Calamar_Guaviare_1_17_5_png.rf.d16e55690eda0ea5090627f3dbd2a6c7.jpg, 1, 1
20240224_152114_87_24fc_3B_AnalyticMS_SR_PlanetScope_Calamar_Guaviare_1_11_5_png.rf.d7077639ac4baf3a672b2e389a5ea362.jpg, 0, 1
20240224_152114_87_24fc_3B_AnalyticMS_SR_PlanetScope_Calamar_Guaviare_1_0_11_png.rf.d592d44188153ecef60b9c2c89341b80.jpg, 0, 1
20240224_152114_87_24fc_3B_AnalyticMS_SR_PlanetScope_Calamar_Guaviare_1_10_1_png.rf.d145a0061b2826509bff0bf17689e800.jpg, 0, 1
20240224_152114_87_24fc_3B_AnalyticMS_SR_PlanetScope_Calamar_Guaviare_1_11_12_png.rf.d3041ab618809ae3b48b0f4edd32a299.jpg, 0, 1
20240224_152114_87_24fc_3B_AnalyticMS_SR_PlanetScope_Calamar_Guaviare_1_7_9_png.rf.d474ca01955782f4dfa820865640da26.jpg, 1, 1
20240224_152114_87_24fc_3B_AnalyticMS_SR_PlanetScope_Calamar_Guaviare_1_7_11_png.rf.d3dc0150da103bd20d66f1e3891fe46e.jpg, 0, 1
20240224_152114_87_24fc_3B_AnalyticMS_SR_PlanetScope_Calamar_Guaviare_1_14_9_png.rf.dd13256944fc45500d04e394ea08b210.jpg, 0, 1
20240224_152114_87_24fc_3B_AnalyticMS_SR_PlanetScope_Calamar_Guaviare_1_12_7_png.rf.d8c1523bb903171013739edcdb4ee5f6.jpg, 0, 1
20240224_152114_87_24fc_3B_AnalyticMS_SR_PlanetScope_Calamar_Guaviare_1_8_13_png.rf.db094187c5e9c8c9b1ca38476b962113.jpg, 0, 1
20240224_152114_87_24fc_3B_AnalyticMS_SR_PlanetScope_Calamar_Guaviare_1_11_9_png.rf.d50ff66bff1e18047c10d0cf7a0d3f2f.jpg, 1, 1
20240224_152114_87_24fc_3B_AnalyticMS_SR_PlanetScope_Calamar_Guaviare_1_13_15_png.rf.d86595dd5b8e4d30694ef72354ef41c2.jpg, 1, 1
20240224_152114_87_24fc_3B_AnalyticMS_SR_PlanetScope_Calamar_Guaviare_1_23_10_png.rf.d76bc114d2abaff7eabf520806b66f1e.jpg, 1, 1
20240224_152114_87_24fc_3B_AnalyticMS_SR_PlanetScope_Calamar_Guaviare_1_14_6_png.rf.daaf26496635fe3798934a066351e919.jpg, 1, 1
20240224_152114_87_24fc_3B_AnalyticMS_SR_PlanetScope_Calamar_Guaviare_1_15_16_png.rf.e294cbedbd40564e3932629d2c3da7d5.jpg, 0, 1
20240224_152114_87_24fc_3B_AnalyticMS_SR_PlanetScope_Calamar_Guaviare_1_11_5_png.rf.df5e6df98511de904fa53df2b16a4087.jpg, 0, 1
20240224_152114_87_24fc_3B_AnalyticMS_SR_PlanetScope_Calamar_Guaviare_1_18_4_png.rf.de917e161265e39dfa2f91dabb904e3c.jpg, 1, 1
20240224_152114_87_24fc_3B_AnalyticMS_SR_PlanetScope_Calamar_Guaviare_1_8_2_png.rf.e042891376b81546151f5b6a6aa3d77f.jpg, 0, 1
20240224_152114_87_24fc_3B_AnalyticMS_SR_PlanetScope_Calamar_Guaviare_1_15_6_png.rf.dd4f6514d2e1e9d625db275bcae51acd.jpg, 1, 1
20240224_152114_87_24fc_3B_AnalyticMS_SR_PlanetScope_Calamar_Guaviare_1_11_1_png.rf.e1d8151fbe38b1afbf1f595054c5b239.jpg, 0, 1
20240224_152114_87_24fc_3B_AnalyticMS_SR_PlanetScope_Calamar_Guaviare_1_9_5_png.rf.e3f12834adecdd981c48bb988a44177a.jpg, 0, 1
20240224_152114_87_24fc_3B_AnalyticMS_SR_PlanetScope_Calamar_Guaviare_1_7_1_png.rf.da13400ac3876edc94e066e27695a627.jpg, 1, 1
20240224_152114_87_24fc_3B_AnalyticMS_SR_PlanetScope_Calamar_Guaviare_1_10_9_png.rf.d9c8876cf5a903e43031dc8b819dc2dd.jpg, 1, 1
20240224_152114_87_24fc_3B_AnalyticMS_SR_PlanetScope_Calamar_Guaviare_1_18_13_png.rf.e3ed62b24a62ac999bb74b5de647cca6.jpg, 0, 1
20240224_152114_87_24fc_3B_AnalyticMS_SR_PlanetScope_Calamar_Guaviare_1_17_13_png.rf.e040ce1fb84870dd53dc7040fdc5d419.jpg, 0, 1
20240224_152114_87_24fc_3B_AnalyticMS_SR_PlanetScope_Calamar_Guaviare_1_14_13_png.rf.e1c264a333d98369bad3c881ac26982c.jpg, 0, 1
20240224_152114_87_24fc_3B_AnalyticMS_SR_PlanetScope_Calamar_Guaviare_1_18_9_png.rf.e4e859c937c8223960c6de0ac83c61e6.jpg, 1, 1
20240224_152114_87_24fc_3B_AnalyticMS_SR_PlanetScope_Calamar_Guaviare_1_15_14_png.rf.de173a127507ae85b58c87b27bedbcae.jpg, 1, 1
20240224_152114_87_24fc_3B_AnalyticMS_SR_PlanetScope_Calamar_Guaviare_1_16_9_png.rf.e6c35e041a433a0ba63a777b1d474519.jpg, 1, 1
20240224_152114_87_24fc_3B_AnalyticMS_SR_PlanetScope_Calamar_Guaviare_1_8_2_png.rf.e7cf46604d8e07751babc7bc92e5f5ed.jpg, 0, 1
20240224_152114_87_24fc_3B_AnalyticMS_SR_PlanetScope_Calamar_Guaviare_1_8_9_png.rf.e83b40048b72e449209feabd74d4c18e.jpg, 0, 1
20240224_152114_87_24fc_3B_AnalyticMS_SR_PlanetScope_Calamar_Guaviare_1_14_15_png.rf.e716d38b8616af9e62fc72d4d6c8e742.jpg, 1, 1
20240224_152114_87_24fc_3B_AnalyticMS_SR_PlanetScope_Calamar_Guaviare_1_17_4_png.rf.e4a1e7f00d57ea915270cc21d0e6efdd.jpg, 1, 1
20240224_152114_87_24fc_3B_AnalyticMS_SR_PlanetScope_Calamar_Guaviare_1_8_13_png.rf.e7ff0ba514d19ba850d689eed1697894.jpg, 0, 1
20240224_152114_87_24fc_3B_AnalyticMS_SR_PlanetScope_Calamar_Guaviare_1_11_15_png.rf.e7e17aed6779bcaacfee9b355ec62767.jpg, 1, 1
20240224_152114_87_24fc_3B_AnalyticMS_SR_PlanetScope_Calamar_Guaviare_1_19_14_png.rf.e4bf9c2d65a807bd93e6970556c50f8e.jpg, 0, 1
20240224_152114_87_24fc_3B_AnalyticMS_SR_PlanetScope_Calamar_Guaviare_1_16_11_png.rf.e980fd9190b771588fc32a5682fef968.jpg, 1, 1
20240224_152114_87_24fc_3B_AnalyticMS_SR_PlanetScope_Calamar_Guaviare_1_11_4_png.rf.ef2cef5b23cab74ca82aba0bc02b5fb3.jpg, 1, 1
20240224_152114_87_24fc_3B_AnalyticMS_SR_PlanetScope_Calamar_Guaviare_1_8_14_png.rf.e98c3c5e12dafbd2b0b2bfeab010e491.jpg, 1, 1
20240224_152114_87_24fc_3B_AnalyticMS_SR_PlanetScope_Calamar_Guaviare_1_13_7_png.rf.ebe7a14b77042be33282ac8b7f637e16.jpg, 0, 1
20240224_152114_87_24fc_3B_AnalyticMS_SR_PlanetScope_Calamar_Guaviare_1_22_6_png.rf.ead3ca681daff1b64359c984e544f1e7.jpg, 1, 1
20240224_152114_87_24fc_3B_AnalyticMS_SR_PlanetScope_Calamar_Guaviare_1_9_11_png.rf.d8e0e119af90ba4185a07f24140f1d78.jpg, 0, 1
20240224_152114_87_24fc_3B_AnalyticMS_SR_PlanetScope_Calamar_Guaviare_1_9_9_png.rf.ef54934e2a3ff7fa544d4d96151d4ca4.jpg, 0, 1
20240224_152114_87_24fc_3B_AnalyticMS_SR_PlanetScope_Calamar_Guaviare_1_16_11_png.rf.f0e36ca53ca0249da3fe8ed11a47404f.jpg, 1, 1
20240224_152114_87_24fc_3B_AnalyticMS_SR_PlanetScope_Calamar_Guaviare_1_23_13_png.rf.effb15bbbd23eb575aca561d3bbd59ec.jpg, 0, 1
20240224_152114_87_24fc_3B_AnalyticMS_SR_PlanetScope_Calamar_Guaviare_1_15_12_png.rf.f13a61772f09988ec16880a362256807.jpg, 0, 1
20240224_152114_87_24fc_3B_AnalyticMS_SR_PlanetScope_Calamar_Guaviare_1_13_8_png.rf.f3114e98705777c9ffd08f44c98f0c92.jpg, 0, 1
20240224_152114_87_24fc_3B_AnalyticMS_SR_PlanetScope_Calamar_Guaviare_1_13_12_png.rf.ea8d90f6fd469c62fc310ae751690dc6.jpg, 0, 1
20240224_152114_87_24fc_3B_AnalyticMS_SR_PlanetScope_Calamar_Guaviare_1_13_12_png.rf.f00abe1caba072bc73066ffb0a35f37c.jpg, 0, 1
20240224_152114_87_24fc_3B_AnalyticMS_SR_PlanetScope_Calamar_Guaviare_1_15_6_png.rf.f07b2c3bfa34b51d0bd5b4d3dc2660b5.jpg, 1, 1
20240224_152114_87_24fc_3B_AnalyticMS_SR_PlanetScope_Calamar_Guaviare_1_22_4_png.rf.f35f07f7ee389e0849eb621421407887.jpg, 1, 1
20240224_152114_87_24fc_3B_AnalyticMS_SR_PlanetScope_Calamar_Guaviare_1_16_2_png.rf.ea5b744f666ecc3676ed08c3d692dd54.jpg, 0, 1
20240224_152114_87_24fc_3B_AnalyticMS_SR_PlanetScope_Calamar_Guaviare_1_12_3_png.rf.f42b783e5ad5860c972cf91216fcddd0.jpg, 0, 1
20240224_152114_87_24fc_3B_AnalyticMS_SR_PlanetScope_Calamar_Guaviare_1_10_15_png.rf.f0d3cdb20602e7cf9681fe2cf8122765.jpg, 1, 1
20240224_152114_87_24fc_3B_AnalyticMS_SR_PlanetScope_Calamar_Guaviare_1_0_11_png.rf.f52273abcd0bd79021b8a9ddf4210e0b.jpg, 0, 1
20240224_152114_87_24fc_3B_AnalyticMS_SR_PlanetScope_Calamar_Guaviare_1_23_10_png.rf.e94bfed1d2092651ab653ef13017aa86.jpg, 1, 1
20240224_152114_87_24fc_3B_AnalyticMS_SR_PlanetScope_Calamar_Guaviare_1_7_0_png.rf.f698d982797bad4b1718736fe2d28cda.jpg, 1, 1
20240224_152114_87_24fc_3B_AnalyticMS_SR_PlanetScope_Calamar_Guaviare_1_23_11_png.rf.f85af0b33455a25643b094a731a7f4d0.jpg, 1, 1
20240224_152114_87_24fc_3B_AnalyticMS_SR_PlanetScope_Calamar_Guaviare_1_20_12_png.rf.faa99fd357e3829891a19bddf80ba837.jpg, 0, 1
20240224_152114_87_24fc_3B_AnalyticMS_SR_PlanetScope_Calamar_Guaviare_1_20_13_png.rf.f33cf5913d7116b5aaa332f930901253.jpg, 1, 1
20240224_152114_87_24fc_3B_AnalyticMS_SR_PlanetScope_Calamar_Guaviare_1_12_10_png.rf.f6ee7f1e4625abc09e4e998d99844e69.jpg, 1, 1
20240224_152114_87_24fc_3B_AnalyticMS_SR_PlanetScope_Calamar_Guaviare_1_11_2_png.rf.f95de9f8e55990a11f1fb8a1db0d6a2d.jpg, 1, 1
20240224_152114_87_24fc_3B_AnalyticMS_SR_PlanetScope_Calamar_Guaviare_1_9_15_png.rf.fb44a77fc1e15ccca07e1d75d77a6e5c.jpg, 1, 1
20240224_152114_87_24fc_3B_AnalyticMS_SR_PlanetScope_Calamar_Guaviare_1_5_2_png.rf.fb8e65aefb38d24604b4c117868b7d59.jpg, 0, 1
20240224_152114_87_24fc_3B_AnalyticMS_SR_PlanetScope_Calamar_Guaviare_1_8_12_png.rf.f7e70ef7ae5fa852fdc15060e2a8b806.jpg, 0, 1
20240224_152114_87_24fc_3B_AnalyticMS_SR_PlanetScope_Calamar_Guaviare_1_11_7_png.rf.f4e1f45b1fe2276ea2a157a60d3eb14c.jpg, 0, 1
20240224_152114_87_24fc_3B_AnalyticMS_SR_PlanetScope_Calamar_Guaviare_1_12_4_png.rf.f634fed3c10bec9ba78ad7704e0c4705.jpg, 0, 1
20240224_152114_87_24fc_3B_AnalyticMS_SR_PlanetScope_Calamar_Guaviare_1_0_10_png.rf.fce3a94076c5737e01bbdc26d581f2a5.jpg, 1, 1
20240224_152114_87_24fc_3B_AnalyticMS_SR_PlanetScope_Calamar_Guaviare_1_14_10_png.rf.fa7a2090e8e3f320ce53d87bfda3c080.jpg, 1, 1
20240224_152114_87_24fc_3B_AnalyticMS_SR_PlanetScope_Calamar_Guaviare_1_10_5_png.rf.fec23b15a5ef74c438234cb289bea9bc.jpg, 1, 1
20240224_152114_87_24fc_3B_AnalyticMS_SR_PlanetScope_Calamar_Guaviare_1_10_15_png.rf.fd8aeb071182664f8a6b5d554f8da336.jpg, 1, 1
20240224_152114_87_24fc_3B_AnalyticMS_SR_PlanetScope_Calamar_Guaviare_1_8_2_png.rf.de23b4c49bd4a454b34093c833d41cbd.jpg, 0, 1
20240224_152114_87_24fc_3B_AnalyticMS_SR_PlanetScope_Calamar_Guaviare_1_15_4_png.rf.fcff05cf4783dfd7b5d0de68cace0ce5.jpg, 0, 1
20240224_152114_87_24fc_3B_AnalyticMS_SR_PlanetScope_Calamar_Guaviare_1_2_12_png.rf.fde943009ae7af4fdca1c04a3400beba.jpg, 1, 1
20240224_152114_87_24fc_3B_AnalyticMS_SR_PlanetScope_Calamar_Guaviare_1_12_5_png.rf.fee6b4bf51c1e88645ccd28afe749f1c.jpg, 0, 1
20240224_152114_87_24fc_3B_AnalyticMS_SR_PlanetScope_Calamar_Guaviare_1_17_11_png.rf.fd60fad9afe4e85c4cfd7305ccef5bf6.jpg, 0, 1
20240224_152114_87_24fc_3B_AnalyticMS_SR_PlanetScope_Calamar_Guaviare_1_7_12_png.rf.feb8e1d5769ffd05a15a050435fc17de.jpg, 0, 1
20240224_152114_87_24fc_3B_AnalyticMS_SR_PlanetScope_Calamar_Guaviare_1_12_8_png.rf.ff781d9d08a6520412ce20ed41e96300.jpg, 1, 1